Model,Accuracy,Precision,Recall,F1 Score
LogisticRegression,0.9333333333333333,0.9523809523809523,0.970873786407767,0.9615384615384616
RandomForest,0.9166666666666666,0.9345794392523364,0.970873786407767,0.9523809523809522
XGBoost,0.9,0.9252336448598131,0.9611650485436893,0.9428571428571428
